Name,F1,F2,F3,F4,F5,F6,F7,F8,L
ADT2_YEAST,0.43,0.67,0.48,0.27,0.5,0,0.53,0.22,3
ADT3_YEAST,0.64,0.62,0.49,0.15,0.5,0,0.53,0.22,3
AAR2_YEAST,0.58,0.44,0.57,0.13,0.5,0,0.54,0.22,2
AATM_YEAST,0.42,0.44,0.48,0.54,0.5,0,0.48,0.22,3
AATC_YEAST,0.51,0.4,0.56,0.17,0.5,0.5,0.49,0.22,1
ABC1_YEAST,0.5,0.54,0.48,0.65,0.5,0,0.53,0.22,3
BAF1_YEAST,0.48,0.45,0.59,0.2,0.5,0,0.58,0.34,2
ABF2_YEAST,0.55,0.5,0.66,0.36,0.5,0,0.49,0.22,3
ABP1_YEAST,0.4,0.39,0.6,0.15,0.5,0,0.58,0.3,1
ACE1_YEAST,0.43,0.39,0.54,0.21,0.5,0,0.53,0.27,2
ACE2_YEAST,0.42,0.37,0.59,0.2,0.5,0,0.52,0.29,2
ACH1_YEAST,0.4,0.42,0.57,0.35,0.5,0,0.53,0.25,1
ACON_YEAST,0.6,0.4,0.52,0.46,0.5,0,0.53,0.22,3
ACR1_YEAST,0.66,0.55,0.45,0.19,0.5,0,0.46,0.22,3
ACT_YEAST,0.46,0.44,0.52,0.11,0.5,0,0.5,0.22,1
ACT2_YEAST,0.47,0.39,0.5,0.11,0.5,0,0.49,0.4,1
ACT3_YEAST,0.58,0.47,0.54,0.11,0.5,0,0.51,0.26,2
ACT5_YEAST,0.5,0.34,0.55,0.21,0.5,0,0.49,0.22,2
ADA2_YEAST,0.61,0.6,0.55,0.21,0.5,0,0.5,0.25,2
C1TC_YEAST,0.45,0.4,0.5,0.16,0.5,0,0.5,0.22,1
PUR4_YEAST,0.43,0.44,0.48,0.22,0.5,0,0.51,0.22,1
PUR3_YEAST,0.73,0.63,0.42,0.3,0.5,0,0.49,0.22,1
ADH1_YEAST,0.43,0.53,0.52,0.13,0.5,0,0.55,0.22,1
ADH2_YEAST,0.46,0.53,0.52,0.15,0.5,0,0.58,0.22,1
ADH3_YEAST,0.51,0.51,0.52,0.51,0.5,0,0.54,0.22,3
ADH4_YEAST,0.59,0.45,0.53,0.19,0.5,0,0.59,0.27,1
KAD1_YEAST,0.57,0.47,0.6,0.18,0.5,0,0.51,0.22,1
KAD2_YEAST,0.63,0.67,0.57,0.24,0.5,0,0.49,0.22,3
ADR1_YEAST,0.53,0.54,0.43,0.1,0.5,0,0.57,0.32,2
AFG3_YEAST,0.51,0.51,0.43,0.87,0.5,0,0.52,0.22,3
AFR1_YEAST,0.38,0.61,0.61,0.12,0.5,0,0.53,0.47,1
RCS1_YEAST,0.33,0.55,0.51,0.43,0.5,0,0.51,0.22,2
YMX1_YEAST,0.72,0.61,0.45,0.3,0.5,0,0.54,0.25,3
SYAC_YEAST,0.4,0.45,0.57,0.18,0.5,0,0.56,0.26,1
DHA1_YEAST,0.59,0.53,0.43,0.44,0.5,0,0.5,0.22,3
DHA2_YEAST,0.57,0.53,0.53,0.34,0.5,0,0.53,0.22,3
ANC1_YEAST,0.53,0.31,0.58,0.39,0.5,0,0.47,0.37,2
ADB2_YEAST,0.48,0.39,0.51,0.21,0.5,0,0.52,0.28,1
APN1_YEAST,0.45,0.46,0.55,0.43,0.5,0,0.55,0.38,2
ARD1_YEAST,0.56,0.48,0.58,0.27,0.5,0,0.51,0.22,1
ARF1_YEAST,0.64,0.59,0.56,0.23,0.5,0,0.46,0.22,1
ARF2_YEAST,0.64,0.56,0.56,0.22,0.5,0,0.45,0.22,1
ASSY_YEAST,0.66,0.62,0.49,0.1,0.5,0,0.49,0.22,1
OTC_YEAST,0.53,0.44,0.51,0.33,0.5,0,0.55,0.22,1
ARLY_YEAST,0.38,0.49,0.53,0.19,0.5,0,0.5,0.22,1
AR56_YEAST,0.45,0.58,0.48,0.67,0.5,0,0.52,0.22,3
ARGD_YEAST,0.43,0.35,0.52,0.52,0.5,0,0.54,0.22,3
ARG1_YEAST,0.37,0.32,0.47,0.18,0.5,0,0.45,0.25,2
ARG2_YEAST,0.48,0.43,0.51,0.32,0.5,0,0.52,0.43,2
ARG3_YEAST,0.41,0.46,0.59,0.19,0.5,0,0.58,0.27,2
ARO1_YEAST,0.54,0.48,0.44,0.08,0.5,0,0.52,0.27,1
AROC_YEAST,0.6,0.47,0.45,0.22,0.5,0,0.51,0.29,1
AROF_YEAST,0.34,0.46,0.57,0.09,0.5,0,0.55,0.22,1
AROG_YEAST,0.48,0.54,0.55,0.12,0.5,0,0.51,0.22,1
CHMU_YEAST,0.47,0.39,0.59,0.15,0.5,0,0.57,0.22,1
AST1_YEAST,0.48,0.42,0.52,0.24,0.5,0,0.56,0.22,1
ATE1_YEAST,0.58,0.51,0.49,0.27,0.5,0,0.57,0.29,1
ATM1_YEAST,0.6,0.5,0.44,0.61,0.5,0,0.47,0.22,3
ATPA_YEAST,0.45,0.55,0.54,0.66,0.5,0,0.47,0.22,3
ATPY_YEAST,0.46,0.49,0.58,0.23,0.5,0,0.44,0.22,3
ATPS_YEAST,0.49,0.42,0.56,0.55,0.5,0,0.42,0.25,3
ATPT_YEAST,0.63,0.53,0.54,0.4,0.5,0,0.5,0.22,3
ATPU_YEAST,0.5,0.54,0.53,0.54,0.5,0,0.51,0.27,3
ATPE_YEAST,0.63,0.57,0.59,0.4,0.5,0,0.38,0.22,3
ATPB_YEAST,0.43,0.57,0.51,0.49,0.5,0,0.48,0.22,3
ATPG_YEAST,0.48,0.45,0.55,0.5,0.5,0,0.53,0.22,3
ATPD_YEAST,0.5,0.58,0.46,0.46,0.5,0,0.46,0.22,3
ATPO_YEAST,0.51,0.54,0.6,0.57,0.5,0,0.58,0.22,3
ATP7_YEAST,0.54,0.52,0.63,0.37,0.5,0,0.46,0.22,3
ATP8_YEAST,0.67,0.62,0.4,0.43,0.5,0.83,0.5,0.22,3
BAS1_YEAST,0.5,0.52,0.59,0.3,0.5,0,0.51,0.35,2
BCK1_YEAST,0.42,0.47,0.52,0.41,0.5,0,0.53,0.32,1
BCK2_YEAST,0.36,0.46,0.62,0.46,0.5,0,0.51,0.33,1
BCS1_YEAST,0.46,0.38,0.47,0.22,0.5,0,0.52,0.27,3
KAPR_YEAST,0.4,0.45,0.56,0.2,0.5,0,0.45,0.22,1
BDF1_YEAST,0.33,0.43,0.64,0.16,0.5,0,0.52,0.52,2
BEM1_YEAST,0.49,0.61,0.49,0.25,0.5,0,0.5,0.28,1
CYBM_YEAST,0.61,0.72,0.39,0.33,0.5,0,0.58,0.22,3
YMC4_YEAST,0.78,0.75,0.4,0.28,0.5,0,0.53,0.22,3
BIK1_YEAST,0.64,0.57,0.57,0.27,0.5,0,0.37,0.22,1
BUD5_YEAST,0.47,0.52,0.5,0.4,0.5,0,0.41,0.22,1
CAD1_YEAST,0.48,0.23,0.57,0.27,0.5,0,0.48,0.47,2
CAP2_YEAST,0.47,0.39,0.55,0.24,0.5,0,0.47,0.22,1
CAPA_YEAST,0.42,0.35,0.54,0.18,0.5,0,0.56,0.22,1
CAPB_YEAST,0.3,0.56,0.55,0.18,0.5,0,0.5,0.22,1
ARGI_YEAST,0.65,0.65,0.52,0.16,0.5,0,0.6,0.22,1
OAT_YEAST,0.27,0.6,0.48,0.23,0.5,0,0.55,0.22,1
CAT8_YEAST,0.44,0.52,0.41,0.23,0.5,0,0.51,0.22,2
CBF1_YEAST,0.3,0.32,0.57,0.19,0.5,0,0.48,0.55,2
CB32_YEAST,0.4,0.44,0.49,0.47,0.5,0,0.49,0.27,2
CBF5_YEAST,0.45,0.51,0.5,0.16,0.5,0,0.52,1,2
CBP1_YEAST,0.45,0.45,0.5,0.6,0.5,0,0.49,0.22,3
CBP2_YEAST,0.59,0.67,0.56,0.41,0.5,0,0.47,0.22,3
CBP3_YEAST,0.47,0.47,0.57,0.48,0.5,0,0.48,0.22,3
CBP4_YEAST,0.35,0.52,0.48,0.22,0.5,0,0.26,0.22,3
CBP6_YEAST,0.47,0.41,0.66,0.26,0.5,0,0.53,0.22,3
NC5R_YEAST,0.64,0.62,0.29,0.28,0.5,0,0.51,0.22,3
CBS1_YEAST,0.55,0.53,0.55,0.46,0.5,0,0.52,0.22,3
CBS2_YEAST,0.67,0.62,0.54,0.43,0.5,0,0.53,0.22,3
TNT_YEAST,0.59,0.6,0.49,0.43,0.5,0,0.53,0.31,3
CCE1_YEAST,0.58,0.62,0.54,0.17,0.5,0,0.48,0.22,3
CCL1_YEAST,0.4,0.38,0.53,0.16,0.5,0,0.52,0.27,2
CCPR_YEAST,0.46,0.71,0.48,0.53,0.5,0,0.53,0.22,3
CCR4_YEAST,0.53,0.51,0.55,0.05,0.5,0,0.45,0.25,2
CTPT_YEAST,0.41,0.4,0.59,0.47,0.5,0,0.48,0.43,1
CC10_YEAST,0.5,0.64,0.57,0.15,0.5,0,0.47,0.22,1
CC11_YEAST,0.4,0.62,0.52,0.31,0.5,0,0.49,0.31,1
CC12_YEAST,0.6,0.5,0.57,0.25,0.5,0,0.41,0.26,1
CC16_YEAST,0.62,0.51,0.52,0.42,0.5,0,0.54,0.27,2
CC23_YEAST,0.35,0.58,0.54,0.16,0.5,0,0.51,0.22,2
CC24_YEAST,0.34,0.54,0.5,0.21,0.5,0,0.54,0.31,1
CC27_YEAST,0.48,0.54,0.5,0.17,0.5,0,0.53,0.22,2
CDC3_YEAST,0.29,0.32,0.58,0.15,0.5,0,0.5,0.3,1
CC31_YEAST,0.47,0.32,0.64,0.3,0.5,0,0.63,0.22,2
IF4E_YEAST,0.39,0.47,0.56,0.16,0.5,0,0.47,0.22,1
UBC3_YEAST,0.58,0.48,0.51,0.47,0.5,0,0.55,0.22,2
NOT2_YEAST,0.64,0.6,0.57,0.19,0.5,0,0.43,0.22,2
NOT1_YEAST,0.37,0.46,0.4,0.27,0.5,0,0.45,0.22,2
CC4_YEAST,0.43,0.57,0.53,0.16,0.5,0,0.54,0.22,1
CC40_YEAST,0.28,0.37,0.61,0.09,0.5,0,0.52,0.55,2
CC42_YEAST,0.59,0.48,0.5,0.14,0.5,0,0.45,0.25,1
CAL1_YEAST,0.39,0.55,0.48,0.31,0.5,0,0.54,0.29,1
RFC1_YEAST,0.26,0.36,0.47,0.34,0.5,0,0.53,0.72,2
CC46_YEAST,0.51,0.34,0.5,0.19,0.5,0,0.5,0.22,2
YB52_YEAST,0.58,0.5,0.5,0.12,0.5,0,0.48,0.25,2
CC48_YEAST,0.44,0.39,0.53,0.14,0.5,0,0.54,0.44,1
CC6_YEAST,0.41,0.39,0.44,0.34,0.5,0,0.48,0.4,2
SYLC_YEAST,0.45,0.43,0.51,0.24,0.5,0,0.54,0.33,1
CC68_YEAST,0.36,0.68,0.46,0.16,0.5,0,0.53,0.28,2
CC7_YEAST,0.42,0.31,0.5,0.15,0.5,0,0.53,0.22,2
KTHY_YEAST,0.42,0.43,0.56,0.1,0.5,0,0.49,0.22,1
DNLI_YEAST,0.67,0.71,0.52,0.65,0.5,0,0.53,0.36,2
MCE1_YEAST,0.49,0.47,0.53,0.16,0.5,0,0.48,0.27,2
CEM1_YEAST,0.71,0.59,0.48,0.43,0.5,0,0.59,0.22,3
RLUB_YEAST,0.4,0.42,0.71,0.21,0.5,0,0.54,0.32,1
RLUB_YEAST,0.4,0.42,0.71,0.21,0.5,0,0.54,0.32,1
CLH_YEAST,0.54,0.49,0.49,0.2,0.5,0,0.52,0.22,1
CHL1_YEAST,0.42,0.51,0.5,0.12,0.5,0,0.52,0.46,2
CHL4_YEAST,0.57,0.51,0.53,0.18,0.5,0,0.56,0.25,2
CIK1_YEAST,0.31,0.44,0.53,0.23,0.5,0,0.51,0.32,2
CIN1_YEAST,0.48,0.61,0.44,0.2,0.5,0,0.47,0.22,1
CIN4_YEAST,0.66,0.45,0.5,0.23,0.5,0,0.49,0.22,1
CIN8_YEAST,0.21,0.41,0.55,0.11,0.5,0,0.5,0.27,1
CISY_YEAST,0.38,0.68,0.44,0.45,0.5,0,0.53,0.22,3
KC21_YEAST,0.31,0.31,0.56,0.33,0.5,0,0.52,0.33,2
KC22_YEAST,0.49,0.31,0.49,0.35,0.5,0,0.51,0.29,2
KC2C_YEAST,0.38,0.37,0.56,0.21,0.5,0,0.49,0.22,2
KICH_YEAST,0.39,0.4,0.53,0.67,0.5,0,0.47,0.22,1
CLC1_YEAST,0.24,0.34,0.69,0.18,0.5,0,0.52,0.22,1
CG11_YEAST,0.49,0.43,0.51,0.13,0.5,0,0.47,0.22,1
CG12_YEAST,0.54,0.38,0.52,0.18,0.5,0,0.48,0.22,1
CG13_YEAST,0.43,0.57,0.53,0.53,0.5,0,0.53,0.25,1
CALM_YEAST,0.48,0.64,0.61,0.23,0.5,0,0.6,0.22,1
KCC1_YEAST,0.31,0.55,0.52,0.17,0.5,0,0.52,0.22,1
KCC2_YEAST,0.32,0.57,0.5,0.15,0.5,0,0.53,0.22,1
P2B1_YEAST,0.32,0.42,0.52,0.24,0.5,0,0.6,0.22,1
P2B2_YEAST,0.59,0.5,0.52,0.28,0.5,0,0.55,0.25,1
CALB_YEAST,0.37,0.42,0.51,0.11,0.5,0,0.57,0.22,1
CYB_YEAST,0.61,0.72,0.31,0.33,0.5,0,0.56,0.22,3
COFI_YEAST,0.44,0.42,0.6,0.21,0.5,0,0.57,0.22,1
COQ1_YEAST,0.52,0.51,0.51,0.54,0.5,0,0.55,0.27,3
COQ2_YEAST,0.63,0.56,0.45,0.58,0.5,0,0.51,0.22,3
COQ3_YEAST,0.52,0.56,0.54,0.53,0.5,0,0.45,0.22,3
UCR1_YEAST,0.58,0.58,0.58,0.49,0.5,0,0.49,0.26,3
COT1_YEAST,0.72,0.62,0.34,0.29,0.5,0,0.56,0.28,3
COX1_YEAST,0.72,0.61,0.37,0.3,0.5,0,0.57,0.22,3
COXX_YEAST,0.46,0.43,0.38,0.33,0.5,0,0.48,0.28,3
COXZ_YEAST,0.57,0.57,0.44,0.37,0.5,0,0.52,0.25,3
COXG_YEAST,0.42,0.31,0.62,0.12,0.5,0,0.4,0.22,3
COXE_YEAST,0.49,0.46,0.45,0.45,0.5,0,0.52,0.22,3
YEX1_YEAST,0.42,0.58,0.41,0.65,0.5,0,0.46,0.26,3
COX2_YEAST,0.59,0.61,0.34,0.22,0.5,0,0.51,0.22,3
COX3_YEAST,0.52,0.77,0.38,0.34,0.5,0,0.51,0.22,3
COX4_YEAST,0.5,0.52,0.6,0.51,0.5,0,0.48,0.22,3
COXA_YEAST,0.49,0.6,0.43,0.56,0.5,0,0.36,0.22,3
COXB_YEAST,0.5,0.41,0.44,0.5,0.5,0,0.42,0.22,3
COX6_YEAST,0.5,0.4,0.56,0.7,0.5,0,0.5,0.22,3
COX7_YEAST,0.37,0.58,0.44,0.51,0.5,0,0.44,0.22,3
COX8_YEAST,0.55,0.45,0.45,0.54,0.5,0,0.5,0.22,3
COX9_YEAST,0.67,0.68,0.46,0.29,0.5,0,0.46,0.22,3
CARA_YEAST,0.53,0.51,0.46,0.28,0.5,0,0.48,0.22,1
CARB_YEAST,0.35,0.66,0.49,0.21,0.5,0,0.54,0.25,1
CYPH_YEAST,0.52,0.4,0.6,0.12,0.5,0,0.55,0.22,1
CYPC_YEAST,0.47,0.46,0.59,0.49,0.5,0,0.56,0.22,3
CRM1_YEAST,0.56,0.52,0.48,0.17,0.5,0,0.46,0.22,2
R141_YEAST,0.57,0.41,0.59,0.24,0.5,0,0.4,0.22,1
R142_YEAST,0.56,0.41,0.58,0.21,0.5,0,0.42,0.22,1
CSE1_YEAST,0.58,0.56,0.45,0.12,0.5,0,0.51,0.22,2
CSE2_YEAST,0.53,0.38,0.66,0.25,0.5,0,0.43,0.22,2
YKE9_YEAST,0.34,0.36,0.54,0.11,0.5,0,0.36,0.21,2
CB33_YEAST,0.41,0.45,0.53,0.17,0.5,0,0.51,0.25,2
CTK1_YEAST,0.31,0.46,0.54,0.52,0.5,0,0.5,0.34,2
CATT_YEAST,0.41,0.51,0.58,0.15,0.5,0,0.45,0.27,1
MTC_YEAST,0.38,0.51,0.75,0.17,0.5,0,0.55,0.22,1
MTC_YEAST,0.38,0.51,0.75,0.17,0.5,0,0.55,0.22,1
CYB2_YEAST,0.53,0.44,0.51,0.33,0.5,0,0.52,0.22,3
CYC1_YEAST,0.46,0.54,0.71,0.15,0.5,0,0.59,0.22,3
CYC2_YEAST,0.4,0.56,0.48,0.14,0.5,0,0.47,0.22,3
CCHL_YEAST,0.53,0.53,0.6,0.13,0.5,0,0.49,0.22,3
CYC7_YEAST,0.42,0.57,0.72,0.22,0.5,0,0.57,0.22,3
RL2A_YEAST,0.45,0.27,0.57,0.36,0.5,0,0.52,0.18,1
CYAA_YEAST,0.2,0.26,0.52,0.14,0.5,0,0.53,0.44,1
CYS3_YEAST,0.51,0.53,0.55,0.14,0.5,0,0.51,0.22,1
CY1_YEAST,0.44,0.68,0.45,0.51,0.5,0,0.52,0.41,3
12_YEAST,0.27,0.39,0.66,0.11,0.5,0,0.44,0.22,3
DA80_YEAST,0.59,0.58,0.56,0.21,0.5,0,0.54,0.33,2
DA81_YEAST,0.39,0.28,0.46,0.12,0.5,0,0.41,0.22,2
DA82_YEAST,0.56,0.43,0.54,0.16,0.5,0,0.5,0.22,2
DATI_YEAST,0.27,0.36,0.6,0.33,0.5,0,0.37,0.31,2
DBF4_YEAST,0.35,0.4,0.59,0.22,0.5,0,0.47,0.37,2
DBP1_YEAST,0.42,0.32,0.5,0.21,0.5,0,0.51,0.22,2
DBP2_YEAST,0.23,0.2,0.53,0.2,0.5,0,0.44,0.22,2
DBR1_YEAST,0.55,0.54,0.56,0.22,0.5,0,0.5,0.37,2
DED1_YEAST,0.36,0.24,0.49,0.16,0.5,0,0.51,0.22,2
DEP1_YEAST,0.38,0.48,0.59,0.22,0.5,0,0.46,0.22,1
DYR_YEAST,0.8,0.46,0.5,0.15,0.5,0,0.53,0.22,1
DYHC_YEAST,0.6,0.56,0.47,0.2,0.5,0,0.5,0.38,2
DHH1_YEAST,0.41,0.24,0.54,0.26,0.5,0,0.41,0.22,2
DLD1_YEAST,0.47,0.65,0.54,0.62,0.5,0,0.53,0.36,3
DMC1_YEAST,0.43,0.39,0.54,0.14,0.5,0,0.47,0.22,2
DPB2_YEAST,0.5,0.51,0.52,0.09,0.5,0,0.48,0.25,2
DPB3_YEAST,0.53,0.61,0.52,0.21,0.5,0,0.55,0.3,2
SYDC_YEAST,0.46,0.35,0.53,0.16,0.5,0,0.51,0.29,1
DRS1_YEAST,0.46,0.43,0.49,0.79,0.5,0,0.49,0.63,2
DSS4_YEAST,0.56,0.52,0.55,0.19,0.5,0,0.54,0.22,1
TFS2_YEAST,0.61,0.3,0.59,0.12,0.5,0,0.49,0.27,2
DUN1_YEAST,0.37,0.53,0.46,0.23,0.5,0,0.47,0.22,2
EF1B_YEAST,0.39,0.45,0.53,0.18,0.5,0,0.54,0.22,1
EF2_YEAST,0.52,0.54,0.5,0.21,0.5,0,0.48,0.3,1
EGD1_YEAST,0.35,0.39,0.57,0.11,0.5,0,0.48,0.22,2
END3_YEAST,0.55,0.46,0.53,0.11,0.5,0,0.52,0.48,1
ENO1_YEAST,0.45,0.56,0.54,0.32,0.5,0,0.57,0.22,1
ENO2_YEAST,0.45,0.56,0.53,0.32,0.5,0,0.57,0.22,1
THIL_YEAST,0.54,0.65,0.49,0.34,0.5,0,0.52,0.22,1
KIME_YEAST,0.59,0.58,0.46,0.19,0.5,0,0.56,0.27,1
FPPS_YEAST,0.55,0.56,0.45,0.14,0.5,0,0.54,0.22,1
ERG6_YEAST,0.32,0.47,0.55,0.12,0.5,0,0.52,0.22,1
ERG8_YEAST,0.62,0.58,0.46,0.13,0.5,0,0.53,0.22,1
ESP1_YEAST,0.55,0.46,0.46,0.31,0.5,0,0.58,0.48,2
EST1_YEAST,0.35,0.6,0.47,0.13,0.5,0,0.52,0.43,2
LCF2_YEAST,0.35,0.46,0.49,0.15,1,0,0.55,0.35,1
FAD1_YEAST,0.43,0.51,0.48,0.14,0.5,0,0.5,0.22,1
FAS1_YEAST,0.57,0.61,0.45,0.26,0.5,0,0.5,0.22,1
FAS2_YEAST,0.63,0.62,0.42,0.12,0.5,0,0.52,0.25,1
COAC_YEAST,0.25,0.4,0.51,0.18,0.5,0,0.5,0.27,1
ALF_YEAST,0.56,0.62,0.53,0.24,0.5,0,0.57,0.22,1
F16P_YEAST,0.58,0.6,0.51,0.24,0.5,0,0.53,0.22,1
F26_YEAST,0.71,0.59,0.53,0.15,0.5,0,0.49,0.33,1
FHL1_YEAST,0.33,0.44,0.49,0.08,0.5,0,0.48,0.49,2
FKBP_YEAST,0.35,0.36,0.57,0.17,0.5,0,0.52,0.22,1
FKB3_YEAST,0.54,0.57,0.52,0.19,0.5,0,0.59,0.67,2
SYFA_YEAST,0.45,0.4,0.56,0.14,0.5,0,0.54,0.22,1
SYFB_YEAST,0.47,0.47,0.58,0.16,0.5,0,0.49,0.28,1
FUMH_YEAST,0.41,0.39,0.51,0.52,0.5,0,0.49,0.22,1
FUR1_YEAST,0.69,0.6,0.5,0.31,0.5,0,0.55,0.22,1
FUS3_YEAST,0.51,0.58,0.54,0.29,0.5,0,0.53,0.22,1
FZF1_YEAST,0.37,0.43,0.62,0.27,0.5,0,0.48,0.22,2
GAC1_YEAST,0.55,0.66,0.57,0.32,0.5,0,0.57,0.34,1
GAL1_YEAST,0.48,0.35,0.42,0.21,0.5,0,0.57,0.22,1
GALX_YEAST,0.62,0.58,0.52,0.15,0.5,0,0.52,0.29,1
GALY_YEAST,0.56,0.59,0.53,0.16,0.5,0,0.24,0.42,2
GAL4_YEAST,0.44,0.44,0.49,0.15,0.5,0,0.46,0.27,2
GAL7_YEAST,0.5,0.5,0.48,0.17,0.5,0,0.47,0.26,1
GAL8_YEAST,0.6,0.6,0.49,0.3,0.5,0,0.53,0.22,2
GAR1_YEAST,0.35,0.68,0.57,0.4,0.5,0,0.53,0.36,2
GBP2_YEAST,0.23,0.3,0.58,0.22,0.5,0,0.48,0.27,2
E2BG_YEAST,0.45,0.42,0.52,0.2,0.5,0,0.5,0.25,1
IF2G_YEAST,0.51,0.35,0.46,0.15,0.5,0,0.51,0.42,1
E2BD_YEAST,0.42,0.39,0.47,0.13,0.5,0,0.5,0.27,1
E2BE_YEAST,0.32,0.38,0.52,0.2,0.5,0,0.52,0.28,1
E2BB_YEAST,0.59,0.65,0.52,0.3,0.5,0,0.46,0.31,1
GCN1_YEAST,0.41,0.52,0.41,0.11,0.5,0,0.54,0.35,1
GCN2_YEAST,0.37,0.33,0.5,0.12,0.5,0,0.51,0.54,1
E2BA_YEAST,0.45,0.56,0.49,0.17,0.5,0,0.52,0.22,1
GCN4_YEAST,0.56,0.54,0.59,0.14,0.5,0,0.52,0.27,2
GCN5_YEAST,0.31,0.31,0.54,0.18,0.5,0,0.52,0.29,2
GCR1_YEAST,0.27,0.51,0.47,0.35,0.5,0,0.49,0.28,2
GCR2_YEAST,0.54,0.56,0.57,0.18,0.5,0,0.45,0.25,2
GCR3_YEAST,0.17,0.38,0.45,0.09,0.5,0,0.54,0.27,2
GCS1_YEAST,0.43,0.51,0.54,0.15,0.5,0,0.45,0.26,2
GCY_YEAST,0.6,0.4,0.59,0.18,0.5,0,0.48,0.22,1
DHE4_YEAST,0.38,0.47,0.53,0.12,0.5,0,0.48,0.22,1
DHE2_YEAST,0.59,0.43,0.52,0.19,0.5,0,0.55,0.27,1
GDI1_YEAST,0.64,0.53,0.45,0.13,0.5,0,0.53,0.22,1
GFA1_YEAST,0.52,0.51,0.51,0.12,0.5,0,0.51,0.4,1
GLGB_YEAST,0.49,0.43,0.48,0.15,0.5,0,0.55,0.25,1
PP12_YEAST,0.49,0.47,0.52,0.16,0.5,0,0.53,0.28,1
HXKG_YEAST,0.48,0.39,0.49,0.18,0.5,0,0.51,0.22,1
GLNA_YEAST,0.44,0.34,0.55,0.18,0.5,0,0.52,0.22,1
GLN3_YEAST,0.43,0.54,0.58,0.16,0.5,0,0.5,0.36,2
SYQ_YEAST,0.49,0.42,0.54,0.17,0.5,0,0.5,0.36,1
GLO3_YEAST,0.34,0.66,0.51,0.16,0.5,0,0.47,0.33,2
6PGD_YEAST,0.74,0.53,0.5,0.08,0.5,0,0.55,0.31,1
GBA1_YEAST,0.3,0.5,0.47,0.11,0.5,0,0.46,0.22,1
GPDA_YEAST,0.44,0.51,0.48,0.38,0.5,0,0.52,0.22,1
PHSG_YEAST,0.31,0.45,0.5,0.17,0.5,0,0.49,0.22,1
PMGY_YEAST,0.55,0.41,0.56,0.21,0.5,0,0.52,0.22,1
PHO2_YEAST,0.4,0.34,0.52,0.17,0.5,0,0.47,0.51,2
SYG_YEAST,0.4,0.48,0.5,0.17,0.5,0,0.54,0.5,1
GSP1_YEAST,0.58,0.48,0.56,0.1,0.5,0,0.46,0.25,2
GSP2_YEAST,0.58,0.48,0.56,0.12,0.5,0,0.46,0.25,2
UGS1_YEAST,0.58,0.45,0.48,0.24,0.5,0,0.52,0.37,1
UGS2_YEAST,0.58,0.41,0.51,0.26,0.5,0,0.51,0.37,1
GTS1_YEAST,0.41,0.6,0.53,0.29,0.5,0,0.47,0.43,2
GPDM_YEAST,0.69,0.5,0.49,0.42,0.5,0,0.49,0.22,3
HAL1_YEAST,0.38,0.49,0.61,0.13,0.5,0,0.54,0.22,1
CYP1_YEAST,0.6,0.48,0.44,0.52,0.5,0,0.54,0.63,2
HAP2_YEAST,0.47,0.49,0.63,0.17,0.5,0,0.31,0.26,2
HAP3_YEAST,0.28,0.51,0.55,0.11,0.5,0,0.46,0.22,2
HAP4_YEAST,0.56,0.57,0.63,0.39,1,0,0.59,0.4,2
HBS1_YEAST,0.21,0.38,0.49,0.16,0.5,0,0.51,0.45,1
HCM1_YEAST,0.46,0.57,0.57,0.15,0.5,0,0.52,0.26,2
HDF1_YEAST,0.43,0.42,0.54,0.22,0.5,0,0.57,0.33,2
HEM1_YEAST,0.57,0.59,0.5,0.58,0.5,0,0.53,0.22,3
DCUP_YEAST,0.48,0.34,0.47,0.14,0.5,0,0.47,0.26,1
HEM6_YEAST,0.35,0.4,0.53,0.18,0.5,0,0.42,0.38,1
HEMZ_YEAST,0.47,0.45,0.53,0.62,0.5,0,0.46,0.22,3
HEM2_YEAST,0.53,0.43,0.47,0.15,0.5,0,0.58,0.22,1
HEM3_YEAST,0.46,0.45,0.56,0.16,0.5,0,0.56,0.22,1
HEX2_YEAST,0.44,0.42,0.62,0.14,0.5,0,0.55,0.37,2
H4_YEAST,0.37,0.34,0.58,0.24,0.5,0,0.44,0.18,2
H4_YEAST,0.37,0.34,0.58,0.24,0.5,0,0.44,0.18,2
H3_YEAST,0.39,0.39,0.55,0.52,0.5,0,0.37,0.16,2
H3_YEAST,0.39,0.39,0.55,0.52,0.5,0,0.37,0.16,2
HIR1_YEAST,0.48,0.57,0.5,0.09,0.5,0,0.52,0.42,2
HIR2_YEAST,0.61,0.57,0.45,0.21,0.5,0,0.5,0.42,2
HIS7_YEAST,0.56,0.44,0.56,0.19,0.5,0,0.54,0.22,1
MAT1_YEAST,0.37,0.22,0.64,0.35,0.5,0,0.47,0.22,2
MAT2_YEAST,0.51,0.48,0.58,0.22,0.5,0,0.5,0.28,2
MTA1_YEAST,0.49,0.37,0.59,0.17,0.5,0,0.51,0.22,2
MAT2_YEAST,0.51,0.48,0.58,0.22,0.5,0,0.5,0.28,2
HO_YEAST,0.53,0.53,0.53,0.17,0.5,0,0.49,0.37,2
HOP1_YEAST,0.29,0.68,0.47,0.26,0.5,0,0.47,0.37,2
HPR1_YEAST,0.5,0.45,0.49,0.15,0.5,0,0.55,0.43,2
HR25_YEAST,0.43,0.39,0.51,0.28,0.5,0,0.4,0.22,2
HS83_YEAST,0.61,0.54,0.49,0.16,0.5,0,0.54,0.42,1
HSF_YEAST,0.34,0.35,0.61,0.19,0.5,0,0.52,0.25,2
CH10_YEAST,0.55,0.53,0.56,0.29,0.5,0,0.48,0.22,3
H104_YEAST,0.66,0.62,0.52,0.17,0.5,0,0.49,0.22,1
HS26_YEAST,0.44,0.41,0.58,0.2,0.5,0,0.57,0.25,1
HS60_YEAST,0.45,0.56,0.51,0.64,0.5,0,0.54,0.22,3
HSP7_YEAST,0.38,0.46,0.52,0.75,0.5,0,0.5,0.26,3
HS82_YEAST,0.61,0.54,0.49,0.19,0.5,0,0.54,0.47,1
H2A1_YEAST,0.44,0.53,0.52,0.37,0.5,0,0.5,0.22,2
H2A2_YEAST,0.44,0.53,0.52,0.37,0.5,0,0.5,0.22,2
H2B1_YEAST,0.32,0.34,0.61,0.17,0.5,0,0.52,0.32,2
H2B2_YEAST,0.34,0.34,0.61,0.18,0.5,0,0.52,0.32,2
SYH_YEAST,0.51,0.68,0.49,0.59,0.5,0,0.54,0.27,3
HXKA_YEAST,0.41,0.3,0.49,0.28,0.5,0,0.54,0.22,1
HXKB_YEAST,0.41,0.43,0.5,0.28,0.5,0,0.5,0.22,1
IDH1_YEAST,0.53,0.56,0.49,0.46,0.5,0,0.52,0.22,3
IDH2_YEAST,0.45,0.54,0.54,0.62,0.5,0,0.53,0.22,3
IPPI_YEAST,0.51,0.43,0.63,0.18,0.5,0,0.52,0.22,1
IDHP_YEAST,0.51,0.52,0.48,0.5,0.5,0,0.51,0.22,3
IF2M_YEAST,0.55,0.49,0.5,0.46,0.5,0,0.52,0.25,3
SYI_YEAST,0.5,0.46,0.52,0.16,0.5,0,0.52,0.26,1
THDH_YEAST,0.5,0.53,0.45,0.44,0.5,0,0.49,0.22,3
ILVB_YEAST,0.45,0.59,0.53,0.74,0.5,0,0.47,0.25,3
ILV5_YEAST,0.57,0.61,0.55,0.67,0.5,0,0.48,0.22,3
IME1_YEAST,0.54,0.45,0.62,0.13,0.5,0,0.52,0.26,2
IMP1_YEAST,0.67,0.51,0.53,0.28,0.5,0,0.51,0.22,3
IMP2_YEAST,0.35,0.49,0.47,0.22,0.5,0,0.5,0.28,3
IATP_YEAST,0.47,0.63,0.66,0.45,0.5,0,0.37,0.11,3
INO1_YEAST,0.51,0.34,0.43,0.18,0.5,0,0.48,0.25,1
INO2_YEAST,0.56,0.45,0.59,0.14,0.5,0,0.51,0.26,2
INO4_YEAST,0.45,0.38,0.59,0.18,0.5,0,0.44,0.45,2
IPYR_YEAST,0.43,0.51,0.6,0.25,0.5,0,0.55,0.22,1
IS42_YEAST,0.58,0.55,0.52,0.22,0.5,0,0.44,0.22,3
ISP6_YEAST,0.59,0.57,0.46,0.14,0.5,0,0.52,0.22,3
IXR1_YEAST,0.42,0.32,0.61,0.13,0.5,0,0.14,0.27,2
YJ16_YEAST,0.5,0.45,0.49,0.3,0.5,0,0.47,0.4,2
ACOX_YEAST,0.46,0.41,0.5,0.44,0.5,0,0.53,0.22,3
JNM1_YEAST,0.42,0.25,0.6,0.14,0.5,0,0.45,0.22,1
KAR1_YEAST,0.23,0.34,0.41,0.28,0.5,0,0.5,0.27,2
KAR3_YEAST,0.34,0.31,0.6,0.37,0.5,0,0.5,0.3,2
KEM1_YEAST,0.59,0.53,0.47,0.26,0.5,0,0.53,0.31,2
ODO1_YEAST,0.54,0.51,0.54,0.52,0.5,0,0.47,0.25,3
ODO2_YEAST,0.53,0.5,0.54,0.56,0.5,0,0.49,0.41,3
KI28_YEAST,0.57,0.49,0.48,0.16,0.5,0,0.51,0.22,2
KIP1_YEAST,0.43,0.52,0.53,0.52,1,0,0.49,0.22,1
KIP2_YEAST,0.38,0.49,0.54,1,0.5,0,0.5,0.27,1
SMI1_YEAST,0.43,0.32,0.56,0.27,0.5,0,0.47,0.27,2
KR11_YEAST,0.27,0.56,0.56,0.18,0.5,0,0.52,0.22,1
SYKC_YEAST,0.43,0.45,0.54,0.14,0.5,0,0.5,0.31,1
KSS1_YEAST,0.52,0.48,0.54,0.28,0.5,0,0.54,0.22,2
MSF1_YEAST,0.36,0.44,0.57,0.18,0.5,0,0.42,0.22,3
BLH1_YEAST,0.52,0.48,0.58,0.55,0.5,0,0.48,0.22,1
LAS1_YEAST,0.43,0.38,0.51,0.24,0.5,0,0.46,0.33,2
ODP2_YEAST,0.48,0.57,0.52,0.61,0.5,0,0.51,0.22,3
LEU2_YEAST,0.51,0.43,0.47,0.19,0.5,0,0.52,0.37,1
LEU3_YEAST,0.54,0.54,0.49,0.14,0.5,0,0.56,0.22,1
LEUR_YEAST,0.44,0.41,0.44,0.13,0.5,0,0.49,0.42,2
LEU1_YEAST,0.52,0.62,0.54,0.19,0.5,0,0.5,0.22,3
LIP5_YEAST,0.68,0.5,0.55,0.65,0.5,0,0.46,0.31,3
LOS1_YEAST,0.53,0.44,0.47,0.22,0.5,0,0.53,0.22,2
DLDH_YEAST,0.48,0.48,0.5,0.47,0.5,0,0.55,0.22,3
LYS1_YEAST,0.5,0.45,0.48,0.17,0.5,0,0.5,0.26,1
LY14_YEAST,0.44,0.53,0.43,0.17,0.5,0,0.54,0.75,2
LYS2_YEAST,0.46,0.47,0.46,0.16,0.5,0,0.51,0.22,1
MAC1_YEAST,0.52,0.49,0.57,0.57,0.5,0,0.51,0.22,2
MAD1_YEAST,0.62,0.64,0.56,0.2,0.5,0,0.48,0.33,2
MAG_YEAST,0.46,0.32,0.58,0.17,0.5,0,0.61,0.25,2
MK16_YEAST,0.49,0.62,0.65,0.18,0.5,0,0.46,0.43,2
MAK3_YEAST,0.5,0.34,0.62,0.19,0.5,0,0.57,0.22,1
MA3S_YEAST,0.39,0.37,0.56,0.15,0.5,0,0.5,0.27,1
MA3R_YEAST,0.33,0.37,0.54,0.28,0.5,0,0.53,0.27,2
MA6R_YEAST,0.33,0.38,0.53,0.26,0.5,0,0.52,0.27,2
AMPM_YEAST,0.48,0.51,0.57,0.24,0.5,0,0.5,0.22,1
MPP2_YEAST,0.5,0.62,0.54,0.66,0.5,0,0.49,0.22,3
MPP1_YEAST,0.47,0.54,0.54,0.48,0.5,0,0.53,0.26,3
OM20_YEAST,0.72,0.58,0.42,0.28,0.5,0,0.48,0.22,3
MAS6_YEAST,0.41,0.41,0.51,0.19,0.5,0,0.57,0.22,3
OM70_YEAST,0.81,0.65,0.52,0.41,0.5,0,0.57,0.26,3
MBP1_YEAST,0.5,0.49,0.52,0.2,0.5,0,0.43,0.52,2
MCM1_YEAST,0.18,0.48,0.46,0.12,0.5,0,0,0.25,2
MCM2_YEAST,0.26,0.38,0.52,0.36,0.5,0,0.48,0.56,2
MCM3_YEAST,0.53,0.51,0.51,0.11,0.5,0,0.49,0.41,2
MDHM_YEAST,0.58,0.49,0.5,0.41,0.5,0,0.57,0.22,3
MDHC_YEAST,0.62,0.6,0.47,0.16,0.5,0,0.53,0.22,1
MDJ1_YEAST,0.4,0.52,0.53,0.52,0.5,0,0.51,0.22,3
MDM1_YEAST,0.49,0.44,0.45,0.22,0.5,0,0.51,0.22,1
MD10_YEAST,0.32,0.47,0.55,0.25,0.5,0,0.49,0.22,3
MDS1_YEAST,0.46,0.57,0.52,0.28,0.5,0,0.52,0.22,2
EFG1_YEAST,0.53,0.48,0.45,0.44,0.5,0,0.49,0.27,3
EFG2_YEAST,0.49,0.48,0.46,0.63,0.5,0,0.52,0.22,3
MEIX_YEAST,0.7,0.53,0.42,0.22,0.5,0,0.51,0.28,2
MER1_YEAST,0.55,0.49,0.45,0.18,0.5,0,0.49,0.22,2
MER2_YEAST,0.4,0.53,0.61,0.21,0.5,0,0.48,0.33,2
SYMC_YEAST,0.57,0.44,0.42,0.2,0.5,0,0.54,0.22,1
MET2_YEAST,0.4,0.47,0.48,0.18,0.5,0,0.46,0.22,1
MT17_YEAST,0.34,0.54,0.54,0.13,0.5,0,0.52,0.22,1
MT28_YEAST,0.43,0.83,0.55,0.2,0.5,0,0.47,0.4,2
MET4_YEAST,0.55,0.65,0.5,0.28,0.5,0,0.55,0.22,2
METE_YEAST,0.29,0.46,0.54,0.27,0.5,0,0.49,0.22,1
GRPE_YEAST,0.45,0.48,0.63,0.67,0.5,0,0.48,0.22,3
MGM1_YEAST,0.66,0.52,0.52,0.44,0.5,0,0.56,0.27,3
M101_YEAST,0.5,0.49,0.59,0.47,0.5,0,0.49,0.36,3
MGMT_YEAST,0.54,0.52,0.54,0.2,0.5,0,0.55,0.25,2
MIF2_YEAST,0.37,0.31,0.53,0.16,0.5,0,0.53,0.44,2
MIG1_YEAST,0.43,0.39,0.59,0.13,0.5,0,0.41,0.43,2
DPOG_YEAST,0.48,0.47,0.54,0.55,0.5,0,0.51,0.65,3
MPCP_YEAST,0.6,0.59,0.45,0.23,0.5,0,0.55,0.22,3
C1TM_YEAST,0.45,0.73,0.47,0.65,0.5,0,0.54,0.43,3
MLH1_YEAST,0.66,0.54,0.49,0.16,0.5,0,0.54,0.36,2
MLP1_YEAST,0.46,0.55,0.61,0.13,0.5,0,0.47,0.22,1
MOD5_YEAST,0.67,0.51,0.54,0.21,0.5,0,0.43,0.3,3
MOT1_YEAST,0.58,0.46,0.46,0.34,0.5,0,0.5,0.43,2
MPI1_YEAST,0.4,0.68,0.5,0.82,0.5,0,0.44,0.36,3
MPI2_YEAST,0.59,0.57,0.43,0.26,0.5,0,0.51,0.22,3
MR11_YEAST,0.39,0.3,0.56,0.12,0.5,0,0.53,0.38,2
RF1M_YEAST,0.6,0.62,0.54,0.4,0.5,0,0.5,0.22,3
RT01_YEAST,0.36,0.4,0.53,0.48,0.5,0,0.48,0.22,3
RT13_YEAST,0.51,0.42,0.56,0.38,0.5,0,0.46,0.22,3
RT17_YEAST,0.41,0.54,0.58,0.2,0.5,0,0.52,0.22,3
RT02_YEAST,0.57,0.4,0.62,0.3,0.5,0,0.48,0.11,3
RM41_YEAST,0.52,0.5,0.59,0.31,0.5,0,0.5,0.22,3
RT04_YEAST,0.42,0.53,0.53,0.64,0.5,0,0.47,0.22,3
RM49_YEAST,0.5,0.46,0.64,0.36,0.5,0,0.49,0.22,3
RM02_YEAST,0.6,0.51,0.6,0.38,0.5,0.83,0.52,0.24,3
RT08_YEAST,0.45,0.38,0.64,0.14,0.5,0,0.54,0.22,3
RM13_YEAST,0.6,0.57,0.64,0.52,0.5,0,0.47,0.28,3
RM16_YEAST,0.53,0.42,0.58,0.29,0.5,0,0.5,0.22,3
RM20_YEAST,0.41,0.52,0.53,0.41,0.5,0,0.39,0.33,3
RM25_YEAST,0.45,0.43,0.63,0.4,0.5,0,0.59,0.11,3
RM27_YEAST,0.44,0.44,0.67,0.35,0.5,0,0.48,0.26,3
RM31_YEAST,0.58,0.52,0.61,0.33,0.5,0,0.38,0.11,3
RM32_YEAST,0.57,0.61,0.55,0.27,0.5,0,0.44,0.21,3
RM33_YEAST,0.57,0.58,0.58,0.35,0.5,0,0.49,0.22,3
RM36_YEAST,0.64,0.64,0.56,0.21,0.5,0,0.5,0.22,3
RM37_YEAST,0.56,0.5,0.61,0.49,0.5,0,0.46,0.28,3
RM38_YEAST,0.6,0.46,0.59,0.16,0.5,0,0.49,0.22,3
RM04_YEAST,0.36,0.38,0.56,0.44,0.5,0,0.48,0.22,3
RM44_YEAST,0.53,0.52,0.61,0.35,0.5,0,0.5,0.22,3
RM06_YEAST,0.62,0.59,0.54,0.47,0.5,0,0.46,0.22,3
RM08_YEAST,0.55,0.5,0.6,0.31,0.5,0,0.46,0.27,3
RM09_YEAST,0.58,0.53,0.57,0.46,0.5,0,0.51,0.27,3
RT28_YEAST,0.65,0.53,0.55,0.52,0.5,0,0.47,0.27,3
RT05_YEAST,0.38,0.54,0.54,0.41,0.5,0,0.51,0.22,3
RT09_YEAST,0.58,0.53,0.5,0.53,0.5,0,0.47,0.31,3
MRS1_YEAST,0.61,0.46,0.51,0.37,0.5,0,0.51,0.22,3
MRS2_YEAST,0.55,0.59,0.47,0.64,0.5,0,0.54,0.33,3
MRS3_YEAST,0.54,0.64,0.5,0.13,0.5,0,0.49,0.22,3
MRS4_YEAST,0.4,0.74,0.49,0.16,0.5,0,0.51,0.22,3
SYDM_YEAST,0.51,0.56,0.51,0.42,0.5,0,0.53,0.36,3
SYFM_YEAST,0.43,0.32,0.5,0.29,0.5,0,0.5,0.22,3
MSH1_YEAST,0.49,0.44,0.45,0.55,0.5,0,0.48,0.22,3
MSH2_YEAST,0.32,0.45,0.44,0.2,0.5,0,0.55,0.33,2
MSH3_YEAST,0.51,0.6,0.51,0.26,0.5,0,0.54,0.22,2
MSH4_YEAST,0.49,0.46,0.42,0.46,0.5,0,0.55,0.22,2
SYKM_YEAST,0.5,0.56,0.49,0.61,0.5,0,0.5,0.22,3
SYMM_YEAST,0.51,0.48,0.51,0.43,0.5,0,0.49,0.22,3
MSN1_YEAST,0.52,0.38,0.62,0.12,0.5,0,0.41,0.28,2
MSN2_YEAST,0.53,0.4,0.57,0.12,0.5,0,0.53,0.32,2
MSN4_YEAST,0.51,0.56,0.62,0.24,0.5,0,0.52,0.51,2
MSP1_YEAST,0.63,0.6,0.5,0.27,0.5,0,0.55,0.22,3
SYR_YEAST,0.46,0.44,0.53,0.31,0.5,0,0.48,0.22,3
MSS1_YEAST,0.58,0.57,0.54,0.69,0.5,0,0.54,0.22,3
MS16_YEAST,0.61,0.59,0.47,0.49,0.5,0,0.54,0.22,3
MS18_YEAST,0.63,0.47,0.56,0.12,0.5,0,0.5,0.22,3
MS51_YEAST,0.55,0.53,0.54,0.4,0.5,0,0.48,0.22,3
SYTM_YEAST,0.41,0.47,0.58,0.62,0.5,0,0.5,0.22,3
SYWM_YEAST,0.44,0.53,0.53,0.37,0.5,0,0.51,0.22,3
MTD1_YEAST,0.57,0.4,0.48,0.24,0.5,0,0.55,0.22,1
MTF1_YEAST,0.46,0.46,0.56,0.12,0.5,0,0.55,0.22,3
RU1A_YEAST,0.47,0.46,0.55,0.28,0.5,0,0.44,0.46,2
YKH4_YEAST,0.39,0.35,0.49,0.17,0.5,0,0.49,0.22,2
MYS1_YEAST,0.58,0.38,0.4,0.21,0.5,0,0.5,0.22,1
MYS2_YEAST,0.53,0.41,0.5,0.24,1,0,0.47,0.22,1
MYS4_YEAST,0.43,0.4,0.5,0.18,0.5,0,0.5,0.28,1
YN46_YEAST,0.58,0.56,0.52,0.25,0.5,0,0.57,0.35,2
NAB1_YEAST,0.49,0.6,0.55,0.17,0.5,0,0.44,0.22,1
NAB2_YEAST,0.56,0.63,0.52,0.2,0.5,0,0.34,0.26,2
NAB3_YEAST,0.42,0.28,0.57,0.18,0.5,0,0.42,0.22,2
NAM1_YEAST,0.51,0.46,0.54,0.41,0.5,0,0.53,0.22,3
SYLM_YEAST,0.6,0.51,0.52,0.45,0.5,0,0.5,0.27,3
NAM7_YEAST,0.37,0.41,0.45,0.14,0.5,0,0.47,0.22,1
NAM9_YEAST,0.37,0.51,0.57,0.4,0.5,0,0.48,0.27,3
NAP1_YEAST,0.36,0.39,0.55,0.26,0.5,0,0.49,0.22,2
NAT1_YEAST,0.5,0.36,0.53,0.41,0.5,0,0.55,0.36,1
NAT2_YEAST,0.59,0.58,0.39,0.52,0.5,0,0.5,0.31,1
NDC1_YEAST,0.47,0.59,0.37,0.31,0.5,0,0.51,0.36,2
CB31_YEAST,0.48,0.62,0.52,0.3,0.5,0,0.51,0.37,2
NDI1_YEAST,0.53,0.61,0.51,0.49,0.5,0,0.54,0.27,3
NFS1_YEAST,0.48,0.54,0.53,0.6,0.5,0,0.53,0.31,2
ADA3_YEAST,0.33,0.46,0.53,0.29,0.5,0,0.5,0.55,2
NHP2_YEAST,0.36,0.44,0.51,0.17,0.5,0,0.6,0.19,2
NHPA_YEAST,0.39,0.34,0.68,0.3,0.5,0,0.5,0.29,2
NHPB_YEAST,0.11,0.41,0.67,0.13,0.5,0,0.45,0.29,2
NI96_YEAST,0.4,0.53,0.44,0.18,0.5,0,0.54,0.31,2
NIN1_YEAST,0.47,0.5,0.55,0.19,0.5,0,0.62,0.22,1
NIP1_YEAST,0.35,0.5,0.44,0.27,0.5,0,0.51,0.22,1
NMD2_YEAST,0.36,0.3,0.5,0.19,0.5,0,0.55,0.3,2
NMT_YEAST,0.49,0.44,0.51,0.18,0.5,0,0.52,0.27,1
FBRL_YEAST,0.35,0.44,0.54,0.26,0.5,0,0.52,0.26,2
NOP2_YEAST,0.43,0.28,0.53,0.34,0.5,0,0.55,0.57,2
NOP4_YEAST,0.33,0.48,0.55,0.16,0.5,0,0.53,0.75,2
NOT3_YEAST,0.45,0.21,0.49,0.24,0.5,0,0.46,0.31,2
NOP3_YEAST,0.44,0.34,0.61,0.13,0.5,0,0.49,0.26,2
NSP1_YEAST,0.87,0.47,0.6,0.47,0.5,0,0.59,0.22,2
NSR1_YEAST,0.3,0.55,0.58,0.16,0.5,0,0.61,0.28,2
TREA_YEAST,0.29,0.34,0.55,0.24,0.5,0,0.51,0.22,1
21_YEAST,0.75,0.67,0.51,0.29,0.5,0,0.52,0.36,3
RNC1_YEAST,0.47,0.47,0.5,0.15,0.5,0,0.5,0.48,2
NUF1_YEAST,0.51,0.34,0.49,0.16,0.5,0,0.53,0.21,2
NUF2_YEAST,0.64,0.76,0.51,0.18,0.5,0,0.46,0.22,2
NUP1_YEAST,0.45,0.41,0.58,0.48,0.5,0,0.53,0.64,2
N100_YEAST,0.9,0.54,0.59,0.2,0.5,0,0.48,0.22,2
N116_YEAST,0.88,0.59,0.54,0.39,0.5,0,0.41,0.3,2
YK62_YEAST,0.7,0.51,0.47,0.24,0.5,0,0.53,0.25,2
NUP2_YEAST,0.25,0.36,0.58,0.3,0.5,0,0.58,0.31,2
NU49_YEAST,0.69,0.62,0.49,0,1,0,0.47,0.22,2
ATP9_YEAST,0.78,0.65,0.4,0.16,0.5,0,0.63,0.22,3
ATP6_YEAST,0.52,0.64,0.34,0.16,0.5,0,0.57,0.22,3
OM45_YEAST,0.75,0.66,0.64,0.39,0.5,0,0.46,0.32,3
PORI_YEAST,0.41,0.49,0.58,0.22,0.5,0,0.52,0.22,3
OPI1_YEAST,0.58,0.51,0.56,0.16,0.5,0,0.34,0.22,2
ORC2_YEAST,0.39,0.42,0.49,0.1,0.5,0,0.49,0.65,2
YHR8_YEAST,0.31,0.42,0.48,0.17,0.5,0,0.49,0.53,2
YM38_YEAST,0.39,0.28,0.54,0.14,0.5,0,0.59,0.22,3
PABP_YEAST,0.28,0.48,0.56,0.16,0.5,0,0.48,0.26,1
PAN1_YEAST,0.69,0.39,0.52,0.12,0.5,0,0.38,0.35,1
PAP_YEAST,0.64,0.52,0.5,0.26,0.5,0,0.51,0.31,2
PAS1_YEAST,0.56,0.48,0.5,0.3,0.5,0,0.51,0.22,1
IPB2_YEAST,0.45,0.46,0.61,0.2,0.5,0,0.62,0.22,1
ODPA_YEAST,0.6,0.54,0.54,0.53,0.5,0,0.52,0.27,3
ODPB_YEAST,0.49,0.52,0.53,0.7,0.5,0,0.51,0.22,3
DCP1_YEAST,0.49,0.45,0.53,0.16,0.5,0,0.49,0.31,1
PDC2_YEAST,0.51,0.46,0.57,0.25,0.5,0,0.53,0.22,1
DCP2_YEAST,0.49,0.45,0.46,0.18,0.5,0,0.49,0.31,1
DCP3_YEAST,0.52,0.46,0.51,0.18,0.5,0,0.5,0.22,1
CNA1_YEAST,0.55,0.59,0.52,0.1,0.5,0,0.53,0.22,1
CNA2_YEAST,0.39,0.58,0.5,0.1,0.5,0,0.51,0.25,1
PDR1_YEAST,0.33,0.38,0.45,0.19,0.5,0,0.54,0.37,2
PDR3_YEAST,0.61,0.46,0.44,0.47,0.5,0,0.5,0.37,2
PDS1_YEAST,0.37,0.42,0.6,0.13,0.5,0,0.51,0.22,2
ODPX_YEAST,0.45,0.58,0.59,0.44,0.5,0,0.56,0.22,3
PES4_YEAST,0.67,0.46,0.58,0.3,0.5,0,0.57,0.27,2
PT11_YEAST,0.5,0.32,0.49,0.49,0.5,0,0.48,0.32,3
PT12_YEAST,0.45,0.53,0.47,0.43,0.5,0,0.5,0.27,3
PT17_YEAST,0.75,0.6,0.43,0.35,0.5,0,0.45,0.27,3
PT22_YEAST,0.56,0.68,0.52,0.39,0.5,0,0.36,0.22,3
RTPT_YEAST,0.48,0.45,0.59,0.35,0.5,0,0.55,0.3,3
PT27_YEAST,0.26,0.28,0.6,0.2,0.5,0,0.54,0.31,3
PT91_YEAST,0.59,0.45,0.58,0.21,0.5,0,0.49,0.22,3
PT09_YEAST,0.48,0.52,0.49,0.35,0.5,0.5,0.51,0.22,3
PT94_YEAST,0.59,0.58,0.47,0.61,0.5,0,0.44,0.3,3
PT54_YEAST,0.5,0.57,0.62,0.25,0.5,0,0.51,0.22,3
K6P1_YEAST,0.57,0.49,0.5,0.2,0.5,0,0.51,0.28,1
K6P2_YEAST,0.62,0.43,0.49,0.29,0.5,0,0.5,0.27,1
6P2K_YEAST,0.45,0.41,0.49,0.14,1,0,0.53,0.3,1
PROF_YEAST,0.47,0.49,0.6,0.15,0.5,0,0.38,0.22,1
PGD1_YEAST,0.41,0.48,0.54,0.24,0.5,0,0.37,0.51,2
G6PI_YEAST,0.46,0.46,0.53,0.23,0.5,0,0.51,0.22,1
PGK_YEAST,0.48,0.42,0.48,0.19,0.5,0,0.58,0.22,1
PGM1_YEAST,0.43,0.45,0.53,0.19,0.5,0,0.56,0.22,1
PGM2_YEAST,0.28,0.36,0.55,0.15,0.5,0,0.57,0.22,1
PHD1_YEAST,0.48,0.46,0.58,0.26,0.5,0,0.44,0.22,2
PNPP_YEAST,0.38,0.62,0.52,0.14,0.5,0,0.53,0.22,1
PHO4_YEAST,0.44,0.42,0.57,0.22,0.5,0,0.5,0.25,2
PH80_YEAST,0.53,0.54,0.43,0.18,0.5,0,0.53,0.31,2
PH85_YEAST,0.4,0.37,0.54,0.13,0.5,0,0.48,0.22,2
PHR_YEAST,0.5,0.42,0.57,0.49,0.5,0,0.48,0.27,2
PIF1_YEAST,0.59,0.61,0.51,0.62,0.5,0,0.51,0.38,3
PIK1_YEAST,0.45,0.4,0.43,0.22,0.5,0,0.51,0.48,2
LONM_YEAST,0.47,0.54,0.53,0.77,0.5,0,0.52,0.36,3
MANA_YEAST,0.55,0.51,0.54,0.2,0.5,0,0.56,0.22,1
PMS1_YEAST,0.38,0.48,0.51,0.13,0.5,0,0.5,0.32,2
POB1_YEAST,0.49,0.48,0.52,0.2,0.5,0,0.55,0.22,2
DPOA_YEAST,0.36,0.39,0.54,0.16,0.5,0,0.5,0.28,2
DPO2_YEAST,0.54,0.53,0.48,0.14,0.5,0,0.49,0.33,2
DPOE_YEAST,0.37,0.48,0.5,0.26,0.5,0,0.52,0.39,2
DPOD_YEAST,0.25,0.39,0.5,0.23,0.5,0,0.5,0.28,2
PCNA_YEAST,0.49,0.71,0.54,0.13,0.5,0,0.58,0.22,2
DPO4_YEAST,0.56,0.5,0.56,0.26,0.5,0,0.53,0.27,2
P152_YEAST,0.41,0.53,0.41,0.15,0.5,0,0.54,0.25,2
POP2_YEAST,0.5,0.45,0.53,0.21,0.5,0,0.28,0.22,2
IPY2_YEAST,0.42,0.65,0.58,0.34,0.5,0,0.5,0.22,3
PPCK_YEAST,0.45,0.47,0.53,0.15,0.5,0,0.52,0.27,1
PPR1_YEAST,0.42,0.28,0.51,0.23,0.5,0,0.53,0.27,2
PPX1_YEAST,0.51,0.48,0.46,0.29,0.5,0,0.54,0.22,1
PRCG_YEAST,0.55,0.63,0.54,0.16,0.5,0,0.45,0.27,1
PRCE_YEAST,0.46,0.62,0.54,0.25,0.5,0,0.46,0.22,1
PRCD_YEAST,0.53,0.59,0.48,0.14,0.5,0,0.51,0.22,1
PRCH_YEAST,0.42,0.53,0.57,0.17,0.5,0,0.49,0.22,1
PRC2_YEAST,0.52,0.46,0.56,0.2,0.5,0,0.5,0.22,1
PRC6_YEAST,0.53,0.43,0.57,0.24,0.5,0,0.39,0.28,1
PRI1_YEAST,0.33,0.35,0.56,0.19,0.5,0,0.5,0.22,2
PRI2_YEAST,0.45,0.48,0.56,0.56,0.5,0,0.47,0.22,2
PROB_YEAST,0.56,0.48,0.5,0.17,0.5,0,0.51,0.26,1
PROC_YEAST,0.77,0.57,0.45,0.17,0.5,0,0.53,0.22,1
PR16_YEAST,0.56,0.59,0.54,0.18,0.5,0,0.48,0.46,2
PR18_YEAST,0.33,0.39,0.52,0.09,0.5,0,0.47,0.28,2
PR19_YEAST,0.48,0.41,0.54,0.39,0.5,0,0.51,0.22,2
PR02_YEAST,0.3,0.3,0.46,0.32,0.5,0,0.45,0.22,2
PR21_YEAST,0.38,0.26,0.6,0.1,0.5,0,0.48,0.44,2
PR22_YEAST,0.68,0.39,0.5,0.15,0.5,0,0.48,0.37,2
PR28_YEAST,0.62,0.41,0.52,0.17,0.5,0,0.48,0.22,2
PR38_YEAST,0.52,0.37,0.48,0.13,0.5,0,0.55,0.22,2
PR39_YEAST,0.32,0.48,0.49,0.17,0.5,0,0.47,0.22,2
PR04_YEAST,0.34,0.35,0.58,0.2,0.5,0,0.46,0.32,2
PR05_YEAST,0.33,0.21,0.53,0.15,1,0,0.52,0.5,2
PR06_YEAST,0.49,0.45,0.57,0.24,0.5,0,0.47,0.38,2
PR08_YEAST,0.4,0.28,0.48,0.06,0.5,0,0.49,0.42,2
PR09_YEAST,0.51,0.39,0.56,0.25,0.5,0,0.51,0.33,2
PRC8_YEAST,0.45,0.45,0.52,0.17,0.5,0,0.54,0.22,1
PRC5_YEAST,0.28,0.51,0.55,0.19,0.5,0,0.57,0.22,1
PRC3_YEAST,0.51,0.51,0.56,0.28,0.5,0,0.54,0.27,1
PRC9_YEAST,0.48,0.56,0.49,0.32,0.5,0,0.5,0.22,1
PRT1_YEAST,0.59,0.46,0.48,0.46,0.5,0,0.49,0.22,1
DPSD_YEAST,0.51,0.46,0.4,0.65,0.5,0,0.49,0.22,3
SNM1_YEAST,0.37,0.44,0.51,0.56,0.5,0,0.5,0.38,2
PTP1_YEAST,0.53,0.45,0.53,0.18,0.5,0,0.42,0.22,1
PTP2_YEAST,0.45,0.27,0.5,0.33,0.5,0,0.53,0.26,1
PUB1_YEAST,0.48,0.5,0.56,0.11,0.5,0,0.33,0.22,1
PRCF_YEAST,0.35,0.47,0.53,0.19,0.5,0,0.48,0.22,1
PRCZ_YEAST,0.48,0.48,0.56,0.18,0.5,0,0.58,0.22,1
PUT1_YEAST,0.6,0.59,0.47,0.47,0.5,0,0.53,0.22,3
PUT2_YEAST,0.45,0.53,0.51,0.42,0.5,0,0.52,0.22,3
PUT3_YEAST,0.29,0.4,0.41,0.48,0.5,0,0.53,0.3,2
PYC1_YEAST,0.46,0.43,0.5,0.24,0.5,0,0.48,0.31,1
PYC2_YEAST,0.43,0.46,0.5,0.21,0.5,0,0.49,0.34,1
KPYK_YEAST,0.61,0.55,0.51,0.26,0.5,0,0.52,0.22,1
UCRX_YEAST,0.5,0.62,0.52,0.3,0.5,0,0.56,0.22,3
UCR2_YEAST,0.49,0.45,0.54,0.4,0.5,0,0.55,0.22,3
UCR6_YEAST,0.64,0.53,0.59,0.14,0.5,0,0.53,0.22,3
UCRQ_YEAST,0.57,0.6,0.54,0.17,0.5,0,0.52,0.22,3
UCR8_YEAST,0.38,0.31,0.59,0.19,0.5,0,0.46,0.22,3
UCR9_YEAST,0.68,0.53,0.44,0.31,0.5,0,0.51,0.22,3
RAD1_YEAST,0.24,0.41,0.47,0.16,0.5,0,0.51,0.38,2
RA10_YEAST,0.61,0.39,0.53,0.14,0.5,0,0.43,0.26,2
RA14_YEAST,0.39,0.16,0.59,0.08,0.5,0,0.51,0.27,2
RA16_YEAST,0.33,0.28,0.5,0.4,0.5,0,0.46,0.61,2
RA18_YEAST,0.51,0.55,0.56,0.18,0.5,0,0.5,0.38,2
RAD2_YEAST,0.39,0.44,0.54,0.24,0.5,0,0.51,0.49,2
RA23_YEAST,0.43,0.48,0.53,0.18,0.5,0,0.46,0.22,2
RA26_YEAST,0.47,0.43,0.48,0.16,0.5,0,0.46,0.27,2
RAD3_YEAST,0.52,0.5,0.51,0.2,0.5,0,0.51,0.22,2
RAD4_YEAST,0.33,0.28,0.52,0.15,0.5,0,0.51,0.86,2
RAD5_YEAST,0.36,0.48,0.5,0.13,0.5,0,0.49,0.6,2
RA50_YEAST,0.45,0.54,0.49,0.29,0.5,0,0.49,0.25,2
RA51_YEAST,0.55,0.59,0.53,0.15,0.5,0,0.49,0.22,2
RA52_YEAST,0.31,0.39,0.55,0.28,0.5,0,0.46,0.31,2
RA54_YEAST,0.43,0.41,0.51,0.34,0.5,0,0.49,0.28,2
RA55_YEAST,0.64,0.5,0.53,0.1,0.5,0,0.51,0.22,2
RA57_YEAST,0.41,0.52,0.56,0.26,0.5,0,0.48,0.32,2
UBC2_YEAST,0.48,0.47,0.59,0.41,0.5,0,0.56,0.27,2
RAD7_YEAST,0.49,0.49,0.51,0.29,0.5,0,0.52,0.71,2
RAD9_YEAST,0.41,0.52,0.51,0.22,0.5,0,0.52,0.44,2
SRS2_YEAST,0.51,0.61,0.5,0.23,0.5,0,0.52,0.61,2
RAM1_YEAST,0.59,0.47,0.51,0.53,0.5,0,0.53,0.26,1
RAM2_YEAST,0.4,0.6,0.5,0.16,0.5,0,0.51,0.22,1
RAP1_YEAST,0.54,0.53,0.53,0.17,0.5,0,0.51,0.39,2
RAS1_YEAST,0.61,0.46,0.54,0.11,0.5,0,0.47,0.22,1
RAS2_YEAST,0.66,0.55,0.54,0.18,0.5,0,0.43,0.22,1
RAT1_YEAST,0.53,0.46,0.54,0.37,0.5,0,0.51,0.3,2
RCA1_YEAST,0.41,0.41,0.43,0.61,0.5,0,0.53,0.22,3
REB1_YEAST,0.58,0.31,0.6,0.12,0.5,0,0.47,0.33,2
R102_YEAST,0.49,0.67,0.5,0.28,0.5,0,0.43,0.22,2
R104_YEAST,0.44,0.33,0.55,0.16,0.5,0,0.49,0.22,2
R114_YEAST,0.44,0.45,0.53,0.19,0.5,0,0.41,0.28,2
RED1_YEAST,0.57,0.55,0.52,0.16,0.5,0,0.49,0.39,2
DPOX_YEAST,0.32,0.49,0.53,0.28,0.5,0,0.5,0.5,2
RFA1_YEAST,0.35,0.42,0.56,0.28,0.5,0,0.47,0.22,2
RFA2_YEAST,0.46,0.41,0.58,0.1,0.5,0,0.48,0.22,2
RFA3_YEAST,0.57,0.51,0.58,0.22,0.5,0,0.51,0.22,2
RFC2_YEAST,0.47,0.47,0.54,0.19,0.5,0,0.51,0.33,2
RFC3_YEAST,0.34,0.58,0.5,0.26,0.5,0,0.51,0.22,2
RFC4_YEAST,0.55,0.45,0.58,0.25,0.5,0,0.49,0.22,2
RFT1_YEAST,0.4,0.66,0.34,0.21,0.5,0,0.52,0.26,2
RGM1_YEAST,0.42,0.21,0.59,0.3,0.5,0,0.47,0.27,2
RHO1_YEAST,0.6,0.48,0.46,0.32,0.5,0,0.4,0.33,1
RHO2_YEAST,0.64,0.44,0.51,0.35,0.5,0,0.53,0.22,1
RIF1_YEAST,0.35,0.4,0.44,0.25,0.5,0,0.53,0.57,2
RIM1_YEAST,0.55,0.38,0.64,0.42,0.5,0,0.47,0.22,3
RIM2_YEAST,0.45,0.43,0.5,0.25,0.5,0,0.47,0.22,3
UCRI_YEAST,0.47,0.53,0.48,0.51,0.5,0,0.54,0.22,3
RME1_YEAST,0.45,0.49,0.57,0.25,0.5,0,0.48,0.22,2
RNA1_YEAST,0.45,0.52,0.5,0.12,0.5,0,0.6,0.22,1
RN12_YEAST,0.56,0.51,0.32,0.49,0.5,0,0.48,0.22,2
RN14_YEAST,0.37,0.58,0.5,0.22,0.5,0,0.47,0.22,2
RN15_YEAST,0.47,0.45,0.51,0.33,0.5,0,0.46,0.26,2
ROX1_YEAST,0.5,0.36,0.64,0.37,0.5,0,0.37,0.33,2
ROX3_YEAST,0.43,0.44,0.64,0.19,0.5,0,0.38,0.33,2
RS3A_YEAST,0.38,0.4,0.59,0.25,0.5,0,0.44,0.22,1
RS3B_YEAST,0.39,0.39,0.59,0.25,0.5,0,0.45,0.22,1
R13A_YEAST,0.54,0.55,0.56,0.14,0.5,0,0.5,0.25,1
RL18_YEAST,0.45,0.5,0.57,0.29,0.5,0,0.44,0.11,1
RL18_YEAST,0.45,0.5,0.57,0.29,0.5,0,0.44,0.11,1
RS24_YEAST,0.61,0.38,0.57,0.36,0.5,0,0.44,0.21,1
RS24_YEAST,0.61,0.38,0.57,0.36,0.5,0,0.44,0.21,1
R17A_YEAST,0.43,0.33,0.54,0.37,0.5,0,0.38,0.16,1
R17B_YEAST,0.43,0.33,0.54,0.37,0.5,0,0.38,0.16,1
R61A_YEAST,0.51,0.39,0.58,0.19,0.5,0,0.47,0.22,1
RPA9_YEAST,0.72,0.51,0.52,0.08,0.5,0,0.54,0.22,2
RPA2_YEAST,0.35,0.41,0.53,0.27,0.5,0,0.47,0.29,2
RPA1_YEAST,0.56,0.49,0.54,0.15,0.5,0,0.5,0.35,2
RPA3_YEAST,0.57,0.37,0.43,0.27,0.5,0,0.53,0.28,2
RPBX_YEAST,0.57,0.49,0.61,0.26,0.5,0,0.52,0.22,2
RPBY_YEAST,0.48,0.45,0.63,0.19,0.5,0,0.58,0.22,2
RPB2_YEAST,0.34,0.48,0.47,0.19,0.5,0,0.5,0.3,2
RPB3_YEAST,0.54,0.57,0.55,0.18,0.5,0,0.5,0.22,2
RPB4_YEAST,0.38,0.44,0.55,0.44,0.5,0,0.47,0.51,2
RPB5_YEAST,0.4,0.3,0.57,0.13,0.5,0,0.46,0.22,2
RPB6_YEAST,0.27,0.31,0.55,0.13,0.5,0,0.5,0.22,2
RPB7_YEAST,0.52,0.46,0.56,0.25,0.5,0,0.52,0.22,2
RPB8_YEAST,0.44,0.5,0.55,0.24,0.5,0,0.48,0.22,2
RPB9_YEAST,0.34,0.47,0.48,0.32,0.5,0,0.42,0.22,2
RPCX_YEAST,0.5,0.56,0.63,0.25,0.5,0,0.42,0.22,2
RPC2_YEAST,0.46,0.53,0.47,0.37,0.5,0,0.51,0.36,2
RPC9_YEAST,0.31,0.6,0.65,0.18,0.5,0,0.46,0.22,2
RPC8_YEAST,0.57,0.42,0.63,0.22,0.5,0,0.68,0.32,2
RPC6_YEAST,0.37,0.45,0.53,0.14,0.5,0,0.49,0.22,2
RPC5_YEAST,0.38,0.38,0.54,0.24,0.5,0,0.54,0.22,2
RPC4_YEAST,0.36,0.49,0.55,0.21,0.5,0,0.55,0.33,2
RPC3_YEAST,0.29,0.4,0.5,0.16,0.5,0,0.51,0.34,2
RPD3_YEAST,0.37,0.3,0.51,0.15,0.5,0,0.58,0.26,2
RL1_YEAST,0.35,0.33,0.48,0.42,0.5,0,0.47,0.43,1
RL15_YEAST,0.46,0.35,0.69,0.18,0.5,0,0.3,0.25,1
RL15_YEAST,0.46,0.35,0.69,0.18,0.5,0,0.3,0.25,1
R14A_YEAST,0.57,0.43,0.52,0.3,0.5,0,0.37,0.11,1
R14B_YEAST,0.57,0.43,0.52,0.3,0.5,0,0.37,0.11,1
RL12_YEAST,0.59,0.51,0.48,0.12,0.5,0,0.54,0.31,1
RL12_YEAST,0.59,0.51,0.48,0.12,0.5,0,0.54,0.31,1
RL16_YEAST,0.61,0.53,0.59,0.17,0.5,0,0.44,0.28,1
RL1A_YEAST,0.61,0.48,0.56,0.19,0.5,0,0.53,0.31,1
RL1A_YEAST,0.61,0.48,0.56,0.19,0.5,0,0.53,0.31,1
R16A_YEAST,0.44,0.56,0.52,0.18,0.5,0,0.5,0.11,1
R16B_YEAST,0.36,0.56,0.52,0.18,0.5,0,0.45,0.16,1
RL17_YEAST,0.37,0.44,0.64,0.48,0.5,0,0.36,0.27,1
RL19_YEAST,0.72,0.37,0.63,0.38,0.5,0,0.4,0.14,1
RL19_YEAST,0.72,0.37,0.63,0.38,0.5,0,0.4,0.14,1
RL25_YEAST,0.44,0.36,0.64,0.45,0.5,0,0.53,0.11,1
RL27_YEAST,0.58,0.45,0.55,0.27,0.5,0,0.48,0.11,1
RL2_YEAST,0.63,0.64,0.45,0.26,0.5,0,0.43,0.22,1
RL2_YEAST,0.63,0.64,0.45,0.26,0.5,0,0.43,0.22,1
RL3A_YEAST,0.43,0.33,0.67,0.12,0.5,0,0.45,0.23,1
RL3B_YEAST,0.43,0.33,0.67,0.12,0.5,0,0.43,0.23,1
RL3E_YEAST,0.58,0.44,0.5,0.26,0.5,0,0.52,0.22,1
RL34_YEAST,0.38,0.43,0.53,0.22,0.5,0,0.48,0.11,1
R37A_YEAST,0.4,0.45,0.61,0.29,0.5,0,0.44,0.22,1
R37B_YEAST,0.4,0.45,0.61,0.29,0.5,0,0.44,0.22,1
RL44_YEAST,0.34,0.34,0.65,0.4,0.5,0,0.32,0.16,1
RL44_YEAST,0.34,0.34,0.65,0.4,0.5,0,0.32,0.16,1
RL46_YEAST,0.43,0.22,0.79,0.79,0.5,0,0.22,0,1
RL41_YEAST,0.35,0.21,1,0.8,0.5,0,0.13,0.01,1
RL41_YEAST,0.35,0.21,1,0.8,0.5,0,0.13,0.01,1
RL4A_YEAST,0.56,0.35,0.47,0.41,0.5,0,0.5,0.22,1
RL4B_YEAST,0.56,0.35,0.47,0.35,0.5,0,0.52,0.22,1
RL6_YEAST,0.54,0.44,0.55,0.48,0.5,0,0.47,0.22,1
RL71_YEAST,0.35,0.39,0.56,0.2,0.5,0,0.49,0.41,1
RL9_YEAST,0.48,0.46,0.58,0.16,0.5,0,0.45,0.22,1
RLA0_YEAST,0.48,0.55,0.48,0.1,0.5,0,0.55,0.22,1
RLA1_YEAST,0.66,0.6,0.52,0.19,0.5,0,0.69,0.22,1
RLA2_YEAST,0.69,0.54,0.55,0.23,0.5,0,0.73,0.22,1
RLA3_YEAST,0.73,0.6,0.47,0.2,0.5,0,0.72,0.22,1
RLA4_YEAST,0.78,0.82,0.56,0.21,0.5,0,0.69,0.22,1
RPM2_YEAST,0.42,0.49,0.49,0.36,0.5,0,0.57,0.26,3
RPB1_YEAST,0.44,0.62,0.53,0.27,0.5,0,0.49,0.22,2
RPC1_YEAST,0.56,0.61,0.52,0.19,0.5,0,0.52,0.32,2
RPOM_YEAST,0.47,0.56,0.46,0.5,0.5,0,0.51,0.22,3
